x1;y1;x2;y2
499;817;524;803
969;1714;983;1747
1480;520;1504;531
431;984;463;981
7;1605;36;1593
933;781;957;774
717;696;762;732
1565;1812;1593;1840
1805;1867;1812;1889
565;1356;589;1329
542;323;544;347
900;834;929;863
1531;1541;1533;1561
1845;1287;1864;1307
800;1155;811;1131
708;1796;711;1772
692;840;712;855
1426;1168;1459;1156
1383;227;1404;209
1570;1310;1587;1333
735;982;748;960
1089;428;1111;406
1998;1041;1998;954
325;826;359;827
1545;1305;1568;1292
398;324;418;346
861;316;879;285
1355;1462;1375;1463
1653;1836;1654;1856
1727;351;1752;326
1326;1033;1353;1049
1333;597;1360;570
535;408;567;431
1596;559;1606;524
642;740;666;740
133;2;180;23
1478;1369;1486;1389
858;309;876;274
1432;755;1434;775
280;425;281;401
1554;1924;1558;1890
753;1369;783;1338
747;236;755;214
1726;1502;1752;1523
1630;636;1670;604
481;1174;488;1150
303;1273;316;1252
892;1387;904;1367
700;1616;715;1642
156;1899;176;1875
1019;82;1026;55
320;494;347;520
1149;1529;1177;1543
411;1610;434;1588
614;571;636;583
1175;940;1203;921
1573;481;1575;506
771;1035;795;1063
268;1849;286;1829
1510;444;1547;423
1296;1100;1320;1131
1525;657;1539;627
948;1414;971;1386
1234;1096;1252;1122
1111;123;1119;147
680;543;706;540
475;1604;495;1591
853;1276;860;1255
724;775;744;763
1561;1481;1590;1512
1788;1372;1801;1412
1391;1546;1414;1566
510;1419;532;1396
942;1738;952;1712
1833;663;1855;671
118;1287;121;1267
595;1082;614;1053
137;1209;157;1197
1576;739;1605;727
248;479;252;455
378;104;398;124
665;1746;668;1767
143;1015;163;1023
399;1192;399;1172
737;1114;743;1094
112;229;138;246
1203;65;1214;38
1025;354;1036;381
1697;36;1713;16
690;1531;711;1519
908;1470;931;1452
511;114;534;123
1055;1796;1086;1794
291;439;295;465
1133;1378;1159;1398
87;1678;109;1656
379;267;416;276
1000;1839;1014;1864
1689;1082;1709;1093
1580;1253;1601;1286
1296;339;1342;298
513;1105;538;1100
749;750;777;731
789;1025;817;997
1475;554;1499;555
839;989;864;967
281;1444;300;1420
1377;815;1407;786
747;267;780;300
594;356;604;319
770;1504;790;1508
101;190;130;191
522;380;523;400
1560;772;1588;754
1503;151;1527;133
1318;888;1353;865
484;891;494;869
1218;892;1233;917
700;1638;729;1601
1018;302;1042;293
1168;1524;1179;1500
478;754;502;742
853;1202;876;1187
749;924;772;945
19;329;47;331
358;1386;361;1361
363;597;370;624
230;1582;252;1568
1976;1960;1998;1981
37;927;75;902
1827;73;1838;53
993;1659;1036;1616
923;578;943;559
1717;1377;1737;1391
1258;1752;1264;1729
534;1372;555;1351
161;1530;182;1504
1886;929;1906;929
522;854;538;827
745;733;776;745
1130;665;1151;646
1715;1472;1741;1486
1768;1798;1796;1801
518;990;522;969
1660;318;1668;294
814;255;834;271
1396;77;1417;65
602;1009;618;1030
226;978;253;993
1138;260;1153;237
503;1566;509;1589
1509;965;1530;952
986;1622;1012;1628
63;861;85;848
1356;1487;1385;1519
498;988;520;974
1321;1101;1332;1129
553;1440;569;1415
534;1022;536;1002
862;894;886;918
812;919;832;928
1654;911;1675;910
678;1322;706;1288
407;1408;415;1387
824;814;838;790
982;874;1005;850
116;1042;139;1033
1547;1375;1566;1396
1102;377;1132;366
1595;536;1596;557
988;1622;1012;1622
1443;946;1460;966
681;1236;689;1209
1947;768;1970;777
750;977;777;929
1168;329;1188;301
306;671;330;666
1708;91;1728;69
324;1127;331;1098
219;1234;240;1234
971;156;1004;186
642;1003;654;1026
1942;478;1965;459
297;1094;305;1123
735;848;755;845
1216;120;1229;148
193;1;213;12
910;1819;930;1818
1335;340;1345;362
289;1090;317;1074
1364;553;1374;575
1471;358;1489;338
1759;34;1790;1
1085;678;1101;650
208;1533;219;1511
1488;392;1510;378
877;229;891;249
513;1392;539;1402
2;701;23;719
1942;617;1949;593
396;115;439;152
795;1070;834;1031
321;1003;346;995
1211;995;1217;973
1577;1745;1604;1744
1186;690;1213;663
101;748;121;739
1405;879;1423;902
1737;1877;1758;1887
1670;402;1692;379
1904;811;1932;823
915;295;924;275
680;1088;690;1062
1052;881;1073;861
948;335;967;304
983;1534;1006;1541
744;480;759;501
1401;577;1422;574
1561;1998;1564;1960
1520;1494;1523;1471
360;1015;364;1036
1727;873;1759;875
1300;353;1312;382
259;1782;280;1771
1319;1504;1341;1495
505;1822;528;1790
457;1629;489;1612
23;1015;48;1025
1284;1720;1307;1726
614;613;645;644
1390;905;1414;918
856;749;864;728
78;1178;84;1153
345;954;349;980
1153;328;1181;295
1414;993;1449;1023
1771;586;1792;562
645;1004;666;1022
100;320;117;343
1586;1628;1610;1631
649;765;670;779
1534;1163;1554;1183
1851;434;1872;423
710;1016;749;984
539;1379;549;1404
1325;1649;1346;1643
192;479;197;502
220;1033;262;1019
891;1236;912;1225
1172;890;1216;920
703;904;727;880
876;739;889;707
1387;332;1410;311
1033;1776;1059;1750
843;424;850;403
186;735;215;708
732;1472;754;1452
70;676;94;700
1315;1635;1317;1609
1582;1816;1587;1787
1722;517;1752;483
1212;1682;1232;1675
368;545;395;538
379;830;386;809
1525;537;1548;536
1040;871;1054;848
1637;757;1660;746
864;1148;879;1125
1854;114;1875;90
11;1520;47;1480
1628;1184;1646;1217
1258;1078;1279;1049
1641;889;1664;898
648;874;687;907
1518;1208;1531;1229
1742;1241;1770;1232
1359;1699;1383;1699
1666;1684;1686;1684
1282;1195;1305;1212
584;1890;608;1888
1485;1121;1487;1086
311;726;335;716
1210;620;1230;634
1358;1199;1367;1223
506;882;514;860
77;375;106;396
1189;1463;1210;1453
1701;1381;1711;1341
1880;1757;1882;1720
1352;1087;1354;1067
262;649;276;695
113;1767;116;1744
1895;81;1905;58
184;1026;185;1006
1149;1741;1184;1706
882;1548;904;1539
1520;912;1522;942
1597;1058;1611;1036
333;391;345;411
635;1539;669;1518
709;1093;735;1061
602;861;623;852
2;1446;2;1340
163;332;169;355
1917;534;1943;531
1793;429;1815;435
1562;1471;1582;1465
843;1199;871;1160
681;240;713;237
1611;677;1635;660
688;1363;711;1368
1513;1525;1539;1521
927;1521;943;1499
1403;1353;1435;1385
2;249;25;256
1493;400;1518;379
1756;476;1779;453
285;1879;320;1851
1646;1509;1679;1519
933;1478;974;1456
340;1147;360;1135
399;1285;429;1255
186;22;207;23
861;1792;881;1796
1211;165;1230;144
1949;620;1969;607
1513;1347;1522;1324
1252;246;1274;250
482;1516;483;1496
726;320;746;339
650;902;668;880
1432;507;1459;491
112;24;118;47
1564;963;1569;985
199;1382;205;1331
1737;1282;1742;1262
1583;103;1610;102
693;112;706;134
1513;616;1536;619
1805;1897;1841;1903
993;1628;1022;1635
327;248;339;281
763;501;785;489
1933;251;1939;221
595;1291;616;1282
773;1626;802;1623
195;819;215;810
510;937;524;917
1914;1409;1950;1431
49;1536;77;1511
1145;1391;1165;1377
1105;1529;1129;1522
621;701;634;674
1300;1066;1320;1081
1316;1743;1339;1755
373;1169;375;1197
695;245;721;251
1384;2;1388;27
1729;157;1751;151
1691;1966;1714;1984
1320;687;1344;700
473;548;474;527
468;1728;488;1721
500;485;503;462
850;1759;851;1788
567;695;575;674
358;285;363;309
1853;641;1875;641
92;1788;114;1766
1383;586;1403;606
930;778;946;757
1035;1494;1060;1482
521;185;523;161
1506;1700;1530;1712
1558;1853;1574;1873
1438;711;1459;705
1480;39;1502;25
1016;744;1040;768
1789;265;1793;222
144;541;174;538
1268;1123;1294;1145
1702;863;1702;842
1491;1037;1522;1042
767;562;787;552
759;538;771;514
35;1825;57;1821
1456;479;1476;470
740;208;746;176
1844;631;1855;609
959;923;982;900
655;1157;686;1176
1720;139;1742;140
1135;904;1157;932
6;1487;12;1459
516;124;524;95
188;518;196;542
59;645;82;663
521;95;525;116
735;963;758;931
370;1947;392;1929
515;1205;530;1184
1825;1946;1857;1953
275;957;307;972
866;1260;887;1239
144;103;160;130
224;78;245;93
186;1374;188;1398
1315;379;1342;375
62;1456;72;1431
137;809;180;802
676;174;712;180
991;31;1025;29
875;1267;887;1287
98;1588;106;1563
598;778;610;750
873;237;891;260
287;1490;307;1479
1426;76;1444;39
1503;320;1522;300
1918;212;1946;193
503;1733;511;1710
614;543;614;522
770;1031;797;992
305;758;313;786
1713;1897;1738;1900
616;1517;636;1500
574;1379;596;1356
1959;1069;1982;1058
123;1100;149;1106
149;1418;150;1397
1450;584;1458;559
278;866;293;846
1498;950;1502;926
1683;1489;1716;1514
808;367;833;383
2;854;30;869
1343;1094;1360;1120
730;1842;750;1838
1603;1786;1625;1793
965;860;989;870
680;1393;710;1388
1861;1455;1881;1467
999;278;1032;265
396;152;421;151
373;942;399;919
1393;1365;1400;1393
1565;1963;1586;1987
892;1406;920;1424
1134;1671;1149;1645
338;715;342;741
1855;1255;1875;1275
1074;121;1082;150
1096;587;1105;565
1;1350;23;1336
1609;1674;1629;1670
955;274;969;252
926;1691;936;1715
628;740;632;720
1163;940;1186;947
724;380;761;400
606;436;657;380
232;462;241;493
401;1352;412;1321
573;1109;600;1082
1404;1321;1425;1327
955;1528;975;1528
92;119;113;126
341;259;342;280
379;143;389;168
1713;1797;1733;1803
796;957;816;941
71;1455;85;1428
1740;136;1760;118
713;201;718;153
563;1119;584;1106
871;1111;905;1110
562;1358;570;1338
750;743;791;781
905;1667;926;1657
1891;652;1895;626
714;197;741;199
677;677;679;697
2;1922;29;1895
555;1805;577;1783
509;752;511;719
1717;1868;1732;1891
507;894;522;868
1195;790;1217;768
1898;37;1898;13
467;1666;467;1691
1033;199;1042;174
1654;1664;1688;1669
1853;553;1866;524
329;1600;349;1583
596;999;611;979
1682;233;1703;208
687;1419;712;1383
1286;832;1306;832
662;1482;690;1478
562;1030;598;1040
1958;390;1994;354
329;145;360;168
220;732;241;745
1279;971;1299;947
1829;1827;1837;1850
1487;325;1503;300
122;1897;124;1870
153;864;173;854
1014;759;1041;732
514;1260;545;1225
476;1726;495;1694
1825;1707;1835;1727
1670;1595;1699;1597
367;796;367;776
854;946;869;923
1444;145;1464;141
416;683;426;707
790;919;809;966
408;1941;417;1920
1861;377;1866;351
839;1467;862;1481
1275;1922;1297;1957
1398;761;1418;765
196;737;221;730
107;1923;121;1890
1025;689;1036;666
288;1253;310;1257
1334;1579;1357;1593
1803;1816;1825;1823
1662;481;1671;455
1891;242;1935;206
100;1474;112;1454
779;630;801;634
388;1222;426;1209
1409;1461;1434;1426
260;935;284;930
1776;841;1796;825
1808;914;1830;904
910;1683;941;1681
1768;1505;1788;1527
1152;1444;1181;1459
1611;1436;1637;1436
1586;987;1607;994
439;688;459;667
642;49;650;21
1013;633;1034;654
1032;232;1040;255
1209;1742;1229;1744
111;240;132;244
333;634;368;626
422;1031;427;1003
55;685;77;699
458;1879;460;1859
73;250;93;264
270;89;286;114
495;190;534;190
179;1139;182;1165
1467;1137;1493;1163
912;1619;936;1618
234;323;239;303
114;1504;143;1487
453;1285;478;1294
1619;1659;1649;1662
346;1423;346;1446
154;975;181;970
1503;1802;1524;1816
1105;1415;1128;1422
498;1629;499;1608
377;890;389;870
386;1658;408;1648
195;1200;196;1180
772;1711;798;1689
548;212;591;210
143;206;149;227
1443;1537;1465;1565
1060;1730;1082;1701
683;691;692;668
1358;1094;1376;1115
783;739;793;717
1787;1578;1808;1599
108;75;133;99
1051;1451;1073;1441
683;400;703;389
162;1771;181;1750
1432;1441;1449;1461
1744;538;1747;513
1399;35;1421;21
1286;1653;1293;1625
233;817;257;817
575;537;596;547
1321;835;1328;855
753;127;761;96
561;1454;579;1433
1519;80;1524;101
805;1170;835;1141
378;515;404;528
717;796;739;785
348;1256;359;1276
1638;350;1647;330
1590;1103;1598;1134
1433;703;1449;725
1988;1915;1993;1936
553;1309;574;1288
575;1793;596;1772
1888;263;1910;243
1310;654;1334;629
1600;1079;1623;1092
452;1750;464;1726
437;801;463;837
1654;844;1658;822
353;116;384;136
1701;93;1707;70
1833;1630;1834;1650
1575;1715;1597;1727
1718;1568;1746;1583
1254;1874;1254;1848
1534;326;1556;302
506;1261;509;1235
1013;1666;1050;1648
36;1790;59;1769
181;863;189;883
1353;1035;1360;1055
660;989;685;1004
1855;88;1884;61
1747;1408;1749;1429
779;813;791;791
214;597;235;621
753;886;764;865
43;1059;63;1050
1341;462;1353;487
1596;464;1620;437
1607;1414;1613;1383
794;27;813;55
775;1109;790;1087
349;15;385;53
146;1701;158;1674
1189;963;1209;937
1818;1439;1830;1470
777;670;788;650
1768;1509;1787;1529
1158;1471;1192;1455
777;324;803;298
528;188;552;188
1225;321;1230;349
983;208;1023;207
179;1375;182;1395
1333;1666;1365;1663
1354;173;1374;173
1102;816;1120;784
728;872;771;868
364;111;386;109
604;1823;611;1799
449;854;449;825
878;800;899;783
1309;917;1311;894
598;1039;613;1019
472;215;476;190
1770;679;1793;679
308;1752;328;1730
1651;1012;1676;991
1802;421;1829;390
1415;123;1441;120
1904;512;1918;487
787;412;811;404
710;606;730;628
71;1320;73;1292
544;316;564;311
828;667;854;648
1586;1587;1608;1587
659;1678;669;1657
649;979;668;1000
903;1514;914;1542
1597;1210;1622;1234
565;360;572;334
720;99;747;99
1963;1400;1989;1417
328;1499;331;1479
1718;1355;1720;1328
1629;1009;1647;1035
1131;659;1142;687
1415;1029;1443;1055
1232;903;1263;880
1379;986;1401;964
612;306;644;290
907;107;940;125
436;110;458;134
311;1147;316;1105
57;1947;82;1936
353;1416;354;1394
1607;1847;1615;1875
20;8;43;21
977;615;983;592
1463;1676;1463;1654
1684;1895;1686;1873
1332;104;1335;83
1639;1165;1642;1143
665;585;665;565
1798;1880;1801;1855
970;157;978;177
852;1443;877;1426
1237;193;1264;164
247;407;257;434
1365;1362;1376;1382
693;375;716;388
215;1954;224;1922
821;449;827;422
517;1474;541;1490
764;1417;784;1400
198;601;230;591
933;1724;941;1744
248;1507;268;1487
1552;1992;1552;1968
166;930;186;917
1495;1327;1516;1376
35;885;68;902
593;1431;602;1408
1318;1821;1337;1843
356;1596;369;1572
1385;115;1407;105
1536;1370;1555;1394
1376;1170;1406;1159
405;605;427;592
1937;1630;1961;1631
255;68;280;89
527;811;542;833
280;1016;280;995
1820;1134;1847;1153
1176;1583;1183;1563
272;718;295;711
1491;857;1513;834
271;391;284;416
1448;1520;1451;1482
551;854;579;850
917;1851;921;1872
1090;322;1110;285
832;1064;845;1091
980;1660;1000;1649
902;1426;934;1412
1617;636;1637;627
10;903;19;935
441;1560;474;1527
377;1574;398;1576
965;1685;973;1705
1636;583;1669;549
984;1694;1007;1694
418;332;441;358
1194;1754;1219;1751
130;651;151;650
909;1551;923;1577
98;631;133;633
482;1189;502;1185
121;1517;142;1500
1325;1063;1354;1090
973;1559;1003;1550
414;390;438;401
1026;1641;1045;1620
244;1871;248;1893
1437;1205;1444;1183
533;1404;553;1382
690;189;716;208
1694;1814;1709;1837
967;245;980;222
1236;1660;1252;1682
756;263;776;279
551;1420;568;1399
1285;994;1308;981
417;1332;430;1352
850;1177;865;1153
1464;400;1495;363
709;1489;719;1469
1021;234;1043;235
398;858;418;865
336;361;339;386
1719;1965;1728;1988
915;1399;935;1380
587;1503;602;1483
1367;947;1400;949
1428;837;1452;818
494;697;503;671
791;1098;828;1064
1214;1632;1236;1638
266;385;291;391
858;1700;869;1720
864;912;894;889
372;970;385;1004
186;752;213;742
881;955;894;929
963;1404;997;1418
512;977;534;1000
59;1175;79;1163
1342;179;1362;182
1043;496;1065;487
1257;1044;1272;1069
854;1138;873;1099
1086;578;1108;556
954;310;996;277
1971;360;1971;381
809;1590;821;1566
1244;989;1267;968
526;730;548;724
1242;618;1261;597
104;1835;110;1815
1838;1315;1884;1310
1874;1360;1876;1380
931;161;942;181
586;400;592;376
192;1268;218;1242
1783;1966;1790;1992
956;606;989;628
1480;1524;1502;1545
867;936;897;967
864;1048;887;1026
814;69;823;35
763;744;785;753
141;1231;161;1220
385;1377;387;1350
1536;1829;1557;1831
1736;1318;1738;1294
1971;1058;1998;1069
1411;268;1431;251
681;354;701;364
1212;996;1227;973
1257;1765;1284;1789
650;130;656;109
628;352;659;383
98;1941;119;1936
613;555;633;574
1867;280;1887;275
239;1781;264;1768
1143;1672;1162;1646
48;276;73;288
1539;1139;1567;1168
567;1056;576;1086
1865;122;1889;103
1848;1828;1884;1846
277;595;280;629
1689;1053;1701;1015
1552;164;1574;130
1504;261;1524;240
313;1205;315;1236
238;859;257;881
735;1551;761;1555
1481;963;1485;934
36;947;59;932
164;424;184;428
1931;48;1951;32
1010;264;1043;262
49;1422;77;1423
145;1316;165;1300
723;693;750;718
8;1004;35;1000
1366;1353;1389;1360
660;1178;680;1160
1003;161;1034;193
195;1426;199;1405
270;1769;295;1745
1603;1184;1608;1206
1075;50;1101;24
792;699;807;726
1274;71;1296;71
226;976;249;970
525;1049;533;1027
1010;255;1031;254
590;408;601;432
83;229;83;256
886;1665;909;1667
652;1455;674;1444
1682;1483;1687;1463
350;348;354;328
17;688;38;683
502;868;505;835
300;187;322;192
135;933;135;913
303;360;327;361
1666;1735;1695;1751
980;1628;994;1604
587;457;589;480
1843;1977;1871;1987
79;782;103;797
328;396;357;408
109;1119;143;1114
695;820;715;806
1827;1852;1828;1827
402;1696;437;1668
371;1653;393;1636
533;1448;555;1454
1583;1257;1604;1248
1287;473;1309;450
1320;1921;1326;1901
1596;1689;1599;1664
192;1848;201;1827
1048;637;1074;617
1046;1665;1059;1643
207;1440;210;1460
1640;239;1644;219
1967;82;1967;60
1854;297;1857;277
150;1671;160;1639
1459;315;1459;280
1296;759;1315;781
445;213;458;165
535;834;547;863
893;314;911;334
1111;278;1124;254
1934;1444;1961;1464
1036;241;1066;251
1266;309;1278;332
1333;982;1344;962
865;957;907;980
588;106;600;126
1506;513;1532;513
357;1561;379;1540
1405;1007;1420;1027
1321;810;1346;820
374;271;402;289
1759;301;1761;280
286;1284;335;1268
1655;1888;1683;1905
51;1335;72;1344
1243;1552;1264;1578
542;448;575;456
1352;398;1375;374
466;620;489;596
1516;887;1538;903
606;587;626;592
758;336;764;316
539;633;575;620
277;1719;300;1717
569;971;589;959
766;75;790;75
1117;1805;1140;1829
712;1406;724;1375
313;684;347;676
428;1967;455;1947
936;325;957;322
502;1273;522;1281
833;1819;833;1841
1121;753;1136;730
98;485;123;490
1642;910;1666;936
14;747;41;740
465;1714;480;1682
489;1011;510;994
820;1547;835;1525
365;866;373;845
1821;970;1823;1011
128;1755;153;1747
1065;129;1090;72
558;214;579;232
1157;111;1173;71
1095;152;1111;126
1419;1349;1439;1372
429;1854;455;1829
1761;1757;1797;1774
631;1491;634;1466
1411;391;1422;371
1663;414;1668;437
1933;1298;1937;1321
798;962;828;939
132;79;157;104
1486;1683;1507;1679
719;1188;740;1161
1381;120;1397;142
1622;1330;1640;1354
1771;448;1805;413
1617;1989;1619;1963
244;1625;262;1601
64;342;86;347
220;1067;246;1044
1615;1042;1640;1053
1337;389;1360;386
22;893;47;906
762;1231;789;1256
1188;134;1203;109
1799;1690;1802;1666
394;696;410;731
609;768;629;756
1059;762;1083;743
858;1707;872;1727
827;358;831;337
1980;560;1988;540
485;960;501;933
65;104;95;116
838;583;857;604
129;14;156;31
117;151;143;160
1920;797;1943;783
585;805;607;792
387;146;402;184
979;650;1001;636
1227;1582;1232;1557
996;359;1012;338
512;962;535;957
37;896;64;923
546;297;573;313
483;1452;489;1472
275;2;289;42
1600;973;1625;992
195;648;219;663
354;1314;372;1281
919;1734;938;1700
322;385;349;388
366;1693;367;1668
897;1419;918;1401
655;52;656;17
783;1108;817;1076
247;584;272;580
1306;871;1329;840
711;934;738;919
409;1189;412;1166
15;1398;35;1394
240;75;262;98
96;1773;106;1751
1301;350;1322;337
447;136;473;150
516;1529;538;1519
404;1002;424;991
73;891;95;884
1961;1450;1978;1474
349;947;375;961
372;271;393;292
377;179;417;189
689;1770;710;1744
739;1837;759;1832
893;1733;893;1712
1763;923;1773;957
1049;99;1080;124
824;119;830;98
1945;1288;1968;1309
480;366;501;373
862;562;909;604
25;778;46;796
189;1191;220;1175
1833;1241;1836;1220
1507;471;1526;451
1977;659;1998;643
1425;815;1454;797
177;985;200;979
16;1940;43;1914
326;1780;332;1760
1966;1492;1989;1512
1851;865;1874;881
1318;252;1340;252
830;932;847;912
529;938;560;907
1135;1790;1158;1786
1641;1743;1662;1753
80;506;102;506
1343;1051;1361;1029
100;1639;121;1632
763;1737;793;1707
668;1479;684;1457
620;1524;656;1480
806;1284;830;1295
1677;333;1681;354
641;960;645;925
1155;90;1167;68
1976;1781;1976;1755
1279;659;1306;670
495;760;497;737
509;1470;530;1466
1967;263;1981;240
1844;70;1871;42
497;306;518;320
114;1498;126;1462
409;951;433;938
516;232;523;209
689;622;710;638
1464;377;1483;356
369;1794;370;1770
1722;108;1781;55
1826;905;1849;910
1538;337;1578;314
1508;143;1531;118
196;877;199;853
1453;1323;1477;1345
804;1040;827;1019
1022;457;1043;463
1491;1403;1496;1383
627;103;629;77
740;1235;766;1212
497;217;526;217
1483;1570;1519;1585
316;636;342;629
601;1497;621;1489
418;1765;436;1739
1809;27;1809;59
743;542;778;536
1800;1221;1823;1251
21;898;41;906
809;1505;842;1535
111;1451;111;1471
816;263;827;234
710;1060;718;1081
1548;1492;1552;1512
679;875;711;863
1639;1922;1676;1948
1253;81;1263;104
1827;1366;1837;1394
545;1321;551;1353
766;193;778;171
527;721;554;718
379;1566;386;1546
458;1844;472;1823
1027;1420;1067;1398
1914;1154;1943;1186
108;1280;111;1240
1189;1575;1223;1541
641;845;662;832
1310;1450;1333;1462
1012;1527;1027;1547
1813;699;1816;674
1600;1390;1624;1373
1098;40;1118;39
618;1339;634;1367
47;1692;70;1674
975;1679;1010;1669
1950;1936;1951;1971
707;1503;736;1474
1079;1680;1081;1655
435;222;461;232
255;1409;269;1387
930;750;953;759
225;1047;251;1033
415;1746;416;1716
5;1812;28;1783
1337;580;1358;544
1159;435;1179;441
254;1532;280;1510
318;1596;332;1565
802;1049;822;1027
1296;62;1318;64
175;93;197;114
984;1545;1008;1529
1341;192;1364;195
1963;790;1986;795
1738;1816;1763;1825
1641;1906;1651;1926
440;717;460;728
1454;198;1470;174
30;1998;50;1977
37;749;66;768
769;1250;793;1222
1761;1446;1786;1442
456;1795;476;1774
1257;359;1278;355
867;2;963;2
853;1782;877;1755
349;269;373;285
92;540;115;542
281;709;288;729
359;334;382;336
185;1365;185;1334
399;1983;411;1962
1779;1367;1809;1359
598;385;607;359
759;744;799;761
614;1525;635;1500
1176;637;1190;608
862;1217;887;1199
592;894;615;887
736;536;785;535
1712;463;1712;439
1039;483;1060;492
156;1163;177;1174
1744;960;1745;984
102;1490;104;1468
1385;1530;1409;1528
1842;1264;1862;1273
158;650;178;643
1515;446;1535;426
465;699;492;717
1619;1887;1644;1903
274;851;294;840
1337;350;1358;334
1899;1399;1912;1427
281;118;311;141
330;38;333;10
165;1381;186;1386
1596;993;1603;1014
577;919;598;943
1455;95;1461;115
490;241;517;250
1879;835;1882;814
1698;76;1705;52
1486;480;1507;463
1816;1144;1835;1164
1050;366;1073;372
1174;43;1192;78
438;1516;462;1507
545;1432;569;1409
349;177;374;179
236;226;276;262
1935;1050;1963;1040
808;234;844;264
692;838;694;862
381;594;402;606
1620;450;1624;470
278;1946;304;1922
114;1931;128;1908
301;263;330;261
663;409;690;418
1933;895;1956;896
418;1632;444;1622
408;107;431;129
322;25;348;41
466;1844;499;1823
1199;355;1213;377
214;396;236;408
1337;269;1350;246
533;839;557;820
1717;350;1740;327
792;1360;834;1379
127;1879;147;1872
1666;1461;1672;1427
381;1697;411;1697
1176;98;1193;77
1899;47;1918;20
420;1291;449;1263
240;1801;252;1781
441;170;443;198
108;913;132;929
485;648;505;644
796;1300;817;1284
926;1803;953;1803
814;257;837;276
65;1443;86;1420
322;1509;325;1487
1576;1670;1619;1660
1714;91;1738;66
745;817;769;820
440;1343;475;1312
1584;733;1598;705
129;1611;133;1585
1689;830;1698;863
859;15;891;71
1907;1903;1922;1923
486;716;516;693
94;781;132;768
1603;596;1623;603
307;1481;330;1484
526;925;574;899
216;1718;233;1698
1861;659;1890;661
155;672;175;665
1095;611;1117;596
1902;594;1923;577
1017;790;1037;774
303;815;304;840
1812;1537;1834;1535
832;668;857;653
270;1387;271;1363
56;298;79;296
1484;1587;1509;1592
1088;161;1091;182
1814;1007;1816;984
278;1426;304;1405
540;1787;559;1757
1457;790;1469;821
1656;1887;1685;1898
1147;1674;1161;1649
1141;299;1144;271
1157;1732;1203;1718
671;521;707;536
492;1420;495;1393
831;1102;853;1082
1888;904;1893;866
185;1152;187;1129
1294;1913;1298;1884
1657;80;1679;50
1196;1745;1217;1744
12;882;34;875
1212;1705;1235;1708
512;656;532;647
835;324;861;351
1571;1868;1594;1882
490;1260;500;1237
1746;1008;1771;997
520;396;523;418
1568;1960;1601;1988
798;506;821;515
152;969;173;979
90;499;115;493
1153;1378;1174;1400
748;174;753;149
1134;791;1159;787
364;246;400;271
1945;1230;1946;1210
313;798;337;785
1892;1283;1893;1263
250;236;273;255
1337;923;1340;896
701;1855;722;1854
1482;1336;1486;1301
1750;70;1752;90
1840;1679;1841;1704
478;1244;506;1221
1297;1643;1300;1621
657;855;685;850
774;1651;805;1627
1266;1893;1268;1869
724;1661;749;1636
148;956;180;933
726;213;747;229
1500;346;1517;324
1745;825;1746;804
285;1873;310;1862
709;1628;729;1616
1288;942;1309;967
1693;731;1715;712
1773;601;1796;598
288;151;289;171
1177;916;1198;895
1158;1768;1173;1734
1745;801;1747;779
1234;1604;1237;1583
1342;316;1362;309
442;1635;467;1637
640;975;663;959
578;519;610;551
457;1372;477;1355
399;770;420;793
1253;1507;1275;1501
277;1804;291;1777
1604;417;1610;447
958;1430;984;1412
1854;1292;1860;1318
1420;339;1446;330
1441;1147;1457;1123
1407;951;1427;930
467;272;469;250
767;1155;787;1136
653;687;683;680
430;1073;458;1048
1277;621;1308;594
1692;1849;1714;1862
673;1060;685;1039
121;987;129;1010
1084;47;1096;72
897;16;906;37
423;412;444;419
1207;1542;1216;1516
1771;1350;1791;1346
600;874;624;861
1434;185;1448;160
1496;1196;1507;1224
1;951;38;932
1107;507;1120;527
1713;210;1736;191
1462;254;1485;238
298;757;331;752
1563;1051;1583;1060
584;949;599;927
1808;1465;1820;1493
863;1619;883;1600
1498;138;1514;118
450;135;450;112
214;1349;240;1325
449;1066;460;1086
953;1401;962;1379
724;730;753;757
528;1473;547;1453
1053;686;1073;694
81;1582;114;1550
629;1324;641;1347
717;952;729;928
1028;1454;1051;1467
92;220;127;231
164;1665;186;1660
1751;1526;1775;1525
65;1597;68;1577
931;972;965;950
1798;101;1798;73
1851;1199;1873;1213
1354;822;1376;802
985;1718;999;1757
747;1109;765;1089
784;722;811;745
1683;1585;1693;1543
1876;1247;1907;1239
19;1899;38;1879
411;921;416;942
1775;282;1781;259
478;654;505;656
178;1633;202;1614
1262;738;1292;705
1185;1725;1209;1719
1807;1804;1828;1803
817;176;829;151
992;1790;1012;1789
636;1277;667;1250
839;977;878;972
765;585;794;594
1507;1759;1508;1738
471;276;491;291
26;652;56;674
106;307;131;325
343;1616;343;1580
548;1005;570;991
972;103;997;105
967;1665;982;1638
891;1790;896;1810
733;1039;758;1018
1417;1360;1423;1339
233;890;261;859
1047;765;1061;744
1299;395;1333;377
1308;200;1318;176
1702;974;1710;994
1789;1238;1793;1216
1402;1509;1426;1489
1066;353;1078;333
1724;399;1744;381
368;180;391;187
44;1707;52;1683
462;1241;487;1217
617;966;617;944
716;741;746;760
440;986;461;1006
53;1523;67;1501
1973;1268;1998;1280
458;907;463;879
1403;1403;1415;1371
1304;244;1325;238
338;1997;349;1973
724;1215;746;1198
1754;901;1787;879
1775;1959;1776;1939
644;1655;659;1629
983;1601;1005;1602
1460;370;1480;335
1511;1272;1528;1303
1593;898;1620;860
1914;877;1942;889
342;304;373;315
127;1000;150;984
1494;1488;1517;1523
1501;1573;1529;1588
751;716;772;712
1577;1404;1583;1380
1086;1718;1100;1695
707;1459;727;1442
619;1532;643;1512
877;330;897;334
851;363;874;378
320;1951;354;1928
615;1804;615;1784
1017;1569;1050;1558
1452;61;1456;35
1133;1516;1142;1496
1230;728;1243;708
1794;603;1804;568
543;568;563;568
1435;1269;1446;1290
744;1176;769;1148
555;169;587;181
1504;583;1525;590
1059;573;1077;543
181;606;183;584
1641;534;1645;555
548;293;572;300
329;114;330;93
775;1531;803;1519
938;104;977;72
804;1257;816;1225
443;81;463;96
632;1724;642;1703
372;1412;417;1382
1585;1018;1608;1027
119;1478;126;1458
1291;1744;1298;1723
420;255;445;274
753;1349;776;1380
479;58;506;84
823;957;844;933
650;577;671;578
306;229;330;247
1206;729;1221;700
1223;564;1228;588
360;1999;372;1979
1153;592;1183;579
1577;1960;1598;1978
1682;415;1692;393
1918;598;1946;571
1784;427;1805;427
536;1637;572;1623
1548;710;1576;737
1327;203;1338;177
14;627;36;621
1793;1571;1816;1571
1295;466;1318;461
557;275;568;255
377;1162;404;1174
245;888;270;878
1717;1483;1758;1524
236;1357;237;1335
1810;1506;1830;1526
41;1777;67;1760
1300;387;1313;410
580;1465;609;1471
272;484;300;488
659;817;684;822
188;9;220;31
1109;505;1131;491
707;832;736;820
1736;1959;1738;1987
519;1912;522;1935
1780;498;1797;468
1759;1435;1783;1441
733;182;738;157
606;207;623;234
319;800;344;801
172;791;193;789
450;272;478;280
1712;1754;1736;1778
81;806;109;829
1263;160;1274;140
449;55;497;87
1411;1470;1431;1460
970;815;994;839
1795;1579;1818;1574
495;659;521;675
559;1019;580;1015
1512;260;1546;284
1461;1551;1470;1527
1023;755;1045;760
114;1460;140;1445
1718;1227;1741;1214
1199;1755;1220;1754
623;1321;652;1294
935;1693;959;1702
376;645;396;638
1363;838;1367;803
1202;361;1224;356
1435;1277;1471;1241
1770;919;1776;939
549;1098;569;1107
1306;1162;1331;1143
180;754;204;772
1451;1575;1463;1600
376;1374;382;1345
512;1372;518;1397
1428;1095;1434;1117
897;1550;919;1532
200;463;207;488
1031;687;1049;664
1908;39;1945;2
1685;1790;1717;1812
484;1243;507;1223
1764;304;1787;284
1899;135;1932;101
1489;1587;1512;1588
974;1632;994;1637
1967;521;1967;498
331;981;353;976
1888;556;1920;546
1224;1701;1244;1697
780;1165;791;1145
67;984;87;977
1699;580;1719;568
577;758;584;738
1044;1820;1053;1800
287;1989;310;1973
650;1049;671;1062
1506;520;1526;511
559;701;579;702
1624;252;1629;229
531;999;576;974
724;91;740;114
1711;1636;1740;1635
601;1182;621;1207
111;1098;145;1091
402;245;422;263
572;438;594;446
241;412;243;392
1052;828;1075;807
272;1734;285;1712
505;1064;527;1086
1337;1646;1359;1643
6;90;14;112
109;912;146;937
1791;1048;1796;1022
1863;1685;1864;1655
1296;570;1318;549
298;112;315;140
16;1556;39;1556
829;25;846;53
1463;919;1490;924
272;1345;281;1325
363;1999;384;1977
566;1083;586;1079
493;1313;515;1281
699;1118;704;1096
1443;659;1445;679
275;396;290;418
130;529;130;505
717;1636;742;1624
869;1666;890;1698
744;1556;759;1535
1315;1667;1337;1685
341;917;384;910
1705;152;1723;128
1049;784;1068;805
1435;91;1445;68
1428;288;1428;309
741;673;757;646
1651;1022;1672;1015
33;442;34;464
1584;1281;1608;1273
61;1000;100;981
239;1702;256;1681
604;109;622;137
205;386;232;398
1243;1827;1265;1831
1109;890;1127;911
447;1229;462;1209
1628;264;1635;238
1702;619;1725;628
1661;766;1681;768
780;368;800;364
175;117;177;140
1529;1504;1556;1514
1884;781;1902;754
1809;1006;1814;982
1178;956;1203;926
1553;486;1557;466
1552;114;1557;136
69;1341;94;1325
738;940;751;916
280;76;306;102
1701;534;1706;558
1829;1808;1852;1806
316;979;336;976
669;479;692;490
360;283;381;295
1855;1174;1876;1170
457;1287;474;1267
769;672;813;716
1001;177;1024;178
600;998;624;985
1045;1595;1064;1619
1790;1018;1794;998
665;1025;692;1014
1520;749;1541;733
501;1268;531;1281
1305;1002;1334;1026
344;14;364;14
1010;790;1036;761
1356;294;1365;318
109;550;129;553
1720;65;1742;44
473;36;493;59
292;124;318;143
1182;1865;1196;1830
287;468;309;471
1107;504;1121;478
462;1024;482;996
1467;627;1485;606
1271;1936;1294;1936
1270;1564;1295;1579
180;1355;205;1325
1710;1608;1735;1633
123;721;143;738
1665;101;1689;64
682;727;702;731
44;251;54;280
783;1834;816;1828
149;980;179;971
569;553;591;566
515;554;546;567
831;312;855;342
1849;638;1871;639
644;131;664;130
790;171;803;191
1560;1466;1584;1490
1883;555;1908;534
373;59;396;59
1956;1152;1976;1152
1395;30;1409;10
334;1143;371;1158
935;1339;957;1359
1811;1682;1821;1704
1706;1869;1706;1849
616;1851;629;1828
1222;752;1246;758
780;241;804;242
1285;739;1309;712
1552;251;1580;221
645;914;665;912
1711;142;1711;122
566;281;586;297
834;1634;856;1633
1553;1775;1577;1772
1707;609;1728;589
578;1800;607;1798
299;1337;302;1357
533;847;560;839
848;412;892;430
863;252;883;268
330;1156;340;1129
1540;149;1553;129
1082;122;1096;145
778;675;801;652
1911;52;1916;15
1420;1187;1446;1170
561;1852;586;1847
1244;85;1258;62
678;625;702;636
1779;1694;1799;1734
590;390;621;403
1585;710;1606;690
1173;282;1179;311
627;1687;649;1672
1688;124;1725;85
16;887;48;868
1240;1610;1260;1637
1171;1776;1171;1751
297;1043;318;1043
2;287;27;290
367;1977;391;1953
1190;1736;1190;1758
1318;789;1323;810
954;1621;982;1654
15;1537;32;1517
721;431;741;426
1481;496;1503;496
185;832;189;809
1862;134;1863;156
1442;1543;1474;1546
1369;509;1392;477
1495;1271;1521;1291
1754;1454;1766;1476
1039;115;1060;115
1934;508;1935;488
324;180;329;202
381;208;406;226
1035;91;1043;64
1161;1807;1187;1804
1;1257;1;1201
455;1902;469;1879
1705;1838;1728;1853
207;1407;212;1387
119;1830;125;1810
1873;1742;1908;1774
367;65;374;43
1552;769;1555;732
1533;1636;1575;1639
1628;147;1633;168
569;1364;596;1341
1649;272;1649;245
1387;149;1396;129
1529;379;1564;357
1433;355;1435;331
27;981;50;988
592;872;631;850
1245;773;1258;749
829;729;852;699
829;463;849;475
1888;1680;1928;1711
1971;1538;1992;1559
270;262;271;241
678;1670;708;1654
1523;1246;1541;1289
472;1451;499;1420
1001;475;1033;461
1837;1938;1857;1951
522;484;545;495
1141;875;1184;851
581;1789;594;1767
304;935;307;915
1552;1090;1575;1104
1542;430;1564;408
956;139;970;112
1;795;25;811
829;36;846;58
657;1791;683;1781
312;890;348;856
1394;1485;1398;1462
1214;313;1231;341
664;90;692;106
207;1102;229;1111
487;1782;515;1752
1116;793;1137;774
332;332;353;340
638;924;658;938
762;1465;778;1443
1196;1961;1197;1940
1335;844;1361;856
1646;871;1667;851
1202;483;1213;503
1639;596;1643;620
1243;1533;1272;1527
551;560;572;560
1546;821;1554;796
1012;352;1024;374
1097;1856;1102;1835
1901;1187;1903;1212
1664;535;1694;527
406;162;450;190
1174;1796;1195;1793
771;766;791;772
1809;1381;1814;1351
1131;1482;1140;1508
1862;1890;1866;1913
45;813;67;807
864;1;877;21
146;1805;168;1784
322;1968;327;1948
885;976;922;950
18;1018;41;1027
1065;314;1077;293
1350;284;1371;279
1407;172;1409;146
275;1978;300;1952
635;1579;653;1557
1925;1825;1950;1850
818;359;838;382
1687;1441;1690;1420
324;1509;330;1482
1946;1184;1975;1196
899;330;915;355
560;662;581;668
1311;711;1337;693
494;436;501;411
1818;1657;1841;1653
325;484;354;506
1654;1861;1673;1884
112;1251;134;1243
45;188;53;209
290;6;311;17
1212;1628;1233;1629
564;878;588;860
477;576;488;552
1856;1428;1887;1430
262;41;287;66
174;1114;200;1127
933;1445;956;1461
1428;525;1456;494
1615;1844;1618;1824
786;1018;806;1032
1708;585;1729;587
977;1547;1014;1560
637;890;659;887
525;1149;546;1163
1967;1627;1969;1651
763;1199;789;1211
1;1721;32;1716
1522;1497;1536;1526
1085;154;1094;175
195;1140;218;1150
1977;615;1998;598
73;55;97;78
495;156;496;136
166;95;181;116
732;1433;736;1412
1083;1392;1099;1415
1897;284;1908;264
696;1442;716;1420
1645;1735;1647;1715
1050;217;1073;251
561;674;581;687
717;1286;738;1265
1964;758;1984;756
721;1132;744;1109
1729;804;1731;781
1687;647;1737;597
1064;369;1080;391
1007;1532;1034;1543
1044;1919;1055;1899
225;839;225;819
524;1035;536;1070
1138;1361;1158;1353
406;1706;428;1681
23;813;54;833
1754;87;1766;52
341;1054;347;1034
678;1526;699;1505
352;940;379;967
401;280;436;303
214;823;215;802
191;1625;214;1611
641;201;657;224
35;886;70;904
313;874;343;858
95;1376;116;1362
896;759;914;730
509;1212;538;1192
458;499;484;514
1256;1532;1282;1546
627;1743;636;1770
553;520;575;540
928;138;949;137
1902;501;1919;480
51;1908;58;1887
49;979;70;988
461;575;490;589
547;508;551;487
761;1112;792;1083
1613;281;1618;304
1883;1479;1914;1512
1188;401;1209;410
824;899;859;893
615;1651;638;1646
1172;1547;1187;1524
298;6;323;18
704;968;728;944
256;200;276;220
1668;1861;1688;1867
1865;662;1891;638
1976;533;1980;513
1590;142;1612;119
1095;1693;1107;1673
1630;1016;1642;1036
447;284;467;299
233;807;236;827
323;1256;345;1243
1521;283;1528;305
1694;880;1714;887
113;2;142;32
1694;1567;1726;1559
1066;230;1083;257
1846;457;1867;436
588;1823;600;1803
572;1579;590;1559
1761;1477;1780;1500
1843;348;1845;372
190;714;219;708
366;1550;389;1529
1457;1059;1489;1092
1470;177;1475;149
1215;969;1228;994
1711;711;1723;687
661;1145;698;1109
1643;599;1684;558
1757;430;1781;409
99;1970;122;1960
1879;811;1913;816
1631;483;1661;460
1703;1790;1730;1801
1392;1089;1431;1050
691;355;717;369
235;35;235;15
579;926;599;924
1302;839;1313;818
1759;55;1761;78
1025;70;1033;48
1790;401;1795;364
271;1959;292;1953
1938;996;1962;974
1204;367;1215;392
1489;1080;1521;1091
1000;222;1011;198
200;126;237;143
190;1714;208;1691
752;167;767;188
1137;325;1159;303
1998;519;1998;498
634;1483;653;1463
1461;1561;1481;1563
429;1237;450;1214
613;869;638;894
9;1029;29;1021
180;1387;181;1410
591;1829;599;1809
1919;937;1920;916
712;1662;722;1689
1338;1136;1346;1111
783;159;784;179
1391;1257;1411;1250
1948;1183;1977;1195
1137;439;1159;436
327;418;331;438
112;664;134;685
1178;883;1205;894
944;1786;959;1813
642;130;651;102
1030;1505;1051;1501
121;1332;123;1311
1893;823;1897;799
22;17;47;39
1804;111;1826;89
420;975;441;964
1360;1528;1374;1497
1649;1298;1681;1323
1953;1471;1973;1488
1604;1559;1615;1581
1938;606;1938;585
1672;1516;1691;1536
866;1393;893;1366
101;570;122;565
1308;1340;1312;1320
1628;754;1641;792
91;1219;91;1196
1904;906;1924;894
572;661;602;657
605;566;631;568
707;274;724;297
718;811;751;794
453;428;473;439
822;1434;842;1414
1743;1673;1769;1678
214;955;217;982
683;207;695;186
211;1334;247;1330
116;1347;138;1312
1307;332;1319;301
573;144;578;124
899;538;925;541
935;604;943;584
1274;1746;1311;1716
164;968;187;958
1537;528;1562;527
1790;1348;1810;1393
372;1896;395;1893
518;694;550;686
246;1253;251;1282
724;1672;738;1652
305;624;325;615
1138;1396;1152;1418
1598;1272;1616;1294
1456;1072;1486;1099
139;1346;162;1340
759;566;788;585
901;588;916;610
552;1373;572;1396
1807;1762;1834;1783
1949;1182;1971;1175
1075;345;1090;318
505;1045;525;1032
210;1745;234;1727
1093;1604;1108;1581
627;112;646;132
1410;43;1427;19
1649;1337;1658;1306
1114;525;1135;522
522;1581;542;1568
671;1805;695;1777
585;1792;612;1765
1330;1460;1335;1431
88;176;112;189
731;1820;735;1795
650;1157;663;1136
1819;175;1842;166
30;759;53;730
295;926;307;886
1624;119;1630;91
1976;1579;1989;1603
525;1728;530;1749
1872;1478;1874;1454
388;1685;423;1649
691;446;701;424
1338;1942;1347;1919
157;787;188;775
643;1025;653;1003
504;1494;536;1470
508;308;531;314
1334;1603;1363;1612
1738;680;1743;706
1270;1660;1278;1638
1890;508;1919;479
261;127;282;139
966;1623;989;1614
617;243;638;263
1506;1491;1522;1514
1565;1006;1570;984
818;1582;842;1585
576;462;601;487
951;76;962;55
1516;1761;1523;1737
1920;779;1945;781
1379;631;1401;609
1961;851;1962;829
450;92;475;115
317;21;326;45
659;1347;671;1369
1080;406;1093;386
1286;616;1309;623
135;317;158;323
807;1409;827;1387
378;1551;392;1530
340;1588;342;1566
1624;1410;1639;1431
1301;613;1322;593
258;665;261;638
1627;227;1652;226
1772;1304;1778;1340
415;559;420;536
952;97;959;117
567;1829;593;1805
1955;720;1987;692
1335;1087;1355;1097
1261;1093;1281;1070
1078;103;1108;157
617;1061;669;1009
855;1196;879;1174
362;708;383;712
266;1853;299;1821
632;955;668;931
1993;788;1994;768
727;593;753;604
1539;1178;1545;1199
1687;297;1709;273
314;145;339;156
40;673;62;678
796;823;825;814
1726;990;1749;999
1138;373;1147;395
1643;28;1646;49
151;1551;172;1529
1561;1463;1562;1443
1891;801;1916;805
795;1095;823;1060
1040;467;1046;445
705;1842;730;1839
835;262;856;277
608;1195;627;1170
1314;826;1315;846
419;1396;432;1368
1780;1240;1800;1242
62;1507;85;1505
713;1531;731;1511
1729;1539;1756;1537
725;1529;740;1504
670;1518;692;1496
835;757;858;728
298;1088;318;1089
1273;1106;1293;1124
1615;1290;1620;1269
85;1277;111;1266
1427;1833;1434;1806
320;1759;347;1747
152;1426;155;1404
1475;1542;1477;1562
194;1322;227;1298
1711;1358;1739;1348
1004;1564;1025;1565
261;1542;290;1521
456;740;463;718
1424;1558;1434;1536
1054;254;1062;233
812;1061;837;1040
1977;1132;1998;1142
24;1521;51;1522
1305;1227;1313;1201
1870;1239;1879;1259
1128;919;1158;889
153;61;183;82
624;1628;646;1603
1125;507;1150;502
505;1559;525;1539
1600;1791;1606;1766
1933;34;1955;16
217;1041;245;1053
1518;1293;1530;1315
1383;163;1413;130
161;813;184;806
1385;514;1405;495
1583;339;1617;324
468;354;474;324
1218;636;1237;611
1418;291;1440;278
1380;564;1414;529
526;1400;548;1370
748;441;769;446
1927;1690;1963;1706
421;1465;427;1425
1487;1791;1494;1769
656;554;678;550
1532;717;1552;702
1920;115;1945;104
946;150;980;191
41;698;52;724
849;628;869;639
1378;265;1400;243
1833;936;1854;921
277;1550;305;1530
13;798;38;804
1283;951;1305;961
1668;1314;1685;1351
754;606;781;588
378;1832;405;1833
1929;265;1945;236
667;432;689;426
1593;1735;1604;1762
1236;83;1248;62
1203;716;1236;727
345;1691;365;1671
104;813;125;806
106;1759;130;1738
401;1611;423;1590
424;1453;438;1432
1541;1430;1550;1450
1763;1133;1763;1113
168;880;193;875
1173;619;1200;640
1231;1522;1242;1489
2;932;23;923
635;1279;657;1261
838;738;854;713
444;1364;463;1340
384;1459;407;1427
1293;1862;1294;1833
1207;909;1237;922
575;1792;595;1794
1837;276;1861;250
525;1482;551;1498
741;961;757;936
1111;378;1139;373
1421;187;1441;170
1735;1508;1737;1485
142;1497;166;1478
85;1005;110;992
139;1439;147;1412
1690;127;1698;97
6;723;45;714
1902;1536;1930;1529
446;332;467;335
286;201;309;209
583;543;606;551
883;1768;903;1764
40;681;62;679
512;987;534;1008
444;411;467;427
1679;641;1692;668
299;340;320;348
561;1228;577;1198
1142;1512;1157;1490
677;1766;697;1747
1305;1598;1305;1618
1026;1892;1037;1868
1859;621;1885;624
1526;403;1539;378
1336;1310;1345;1290
75;1358;97;1336
1824;1049;1847;1059
1265;1596;1296;1596
1274;1880;1279;1851
1913;44;1932;24
1785;815;1790;839
1948;51;1982;28
678;1145;707;1159
887;1731;899;1759
43;1620;64;1620
471;137;499;171
1522;411;1529;431
93;10;113;25
177;484;200;498
574;360;583;331
890;1559;913;1547
1934;522;1957;524
782;253;803;260
572;1398;593;1393
1207;1729;1229;1746
1521;368;1542;353
1055;41;1066;61
206;779;229;781
863;1448;879;1428
1623;1058;1632;1031
1137;1464;1163;1490
1234;1730;1258;1724
1503;625;1522;603
90;1282;113;1267
862;1376;880;1355
441;1188;463;1177
542;706;569;725
429;1253;442;1230
486;1649;497;1629
489;223;509;240
1488;627;1493;647
1147;632;1169;608
839;1700;851;1720
1726;1765;1732;1786
428;1123;447;1146
965;1482;986;1470
427;794;434;774
1875;43;1877;16
807;1396;828;1384
307;1343;313;1316
1843;157;1869;132
724;663;744;670
397;1652;413;1632
1751;449;1769;428
1432;24;1453;2
1083;418;1115;398
618;1382;644;1367
684;1064;704;1030
550;882;577;866
103;272;111;293
910;1550;931;1539
1665;59;1687;36
295;529;317;539
161;132;164;152
926;1647;937;1668
311;472;331;481
1667;445;1687;441
578;596;599;598
1759;1544;1788;1537
521;1382;554;1351
1572;1960;1573;1938
557;520;563;499
1573;960;1588;940
1258;773;1269;752
379;1451;397;1430
1903;1352;1908;1379
1061;63;1082;84
543;1822;548;1845
853;345;885;345
1377;126;1377;98
267;42;287;56
1999;1367;1999;1347
129;979;159;994
1839;484;1865;458
534;1554;554;1534
1127;820;1147;803
1803;689;1811;652
1923;508;1944;489
1119;1829;1140;1828
1539;1457;1555;1482
311;85;334;90
1544;509;1568;486
1818;115;1828;93
1128;930;1151;907
851;1548;877;1538
1500;1215;1508;1191
1698;1426;1718;1438
650;1811;672;1788
1808;104;1810;79
543;1306;563;1315
1267;76;1288;74
1368;1092;1386;1113
431;143;437;121
810;597;832;606
1237;110;1250;89
376;1339;378;1362
968;845;990;824
1047;1851;1058;1874
678;1730;698;1717
1764;93;1770;68
1641;1277;1662;1298
1850;606;1865;585
408;1185;423;1163
1277;1421;1290;1399
303;971;311;994
1762;484;1777;456
1595;1697;1622;1722
1178;970;1200;943
1336;225;1343;245
1719;334;1743;322
778;204;782;179
509;1293;530;1286
520;1225;550;1205
1595;1320;1601;1340
1856;1976;1858;1954
866;30;875;10
421;1483;439;1452
1938;832;1939;856
1666;1736;1687;1741
1145;370;1166;341
1606;423;1609;392
768;1272;789;1257
968;238;978;217
165;106;191;124
900;406;921;413
1947;105;1958;85
528;1090;552;1080
1787;1187;1801;1207
1229;1877;1252;1894
190;884;212;900
450;1173;471;1165
1503;1637;1534;1629
1889;1220;1890;1199
386;665;414;674
1088;1766;1100;1738
831;964;840;944
752;1073;771;1053
1549;279;1564;259
1392;178;1410;149
745;1124;769;1100
1214;45;1219;65
123;873;126;852
1117;637;1123;617
391;1926;413;1902
29;1941;50;1930
144;166;171;176
476;977;496;994
830;241;838;221
327;1780;339;1755
1094;744;1109;722
1511;478;1532;459
1527;234;1548;215
959;24;974;47
121;751;141;767
1318;1164;1323;1140
1031;1504;1052;1493
1005;301;1028;324
1712;1350;1737;1374
650;343;667;364
1348;640;1368;639
1649;1920;1649;1900
178;944;198;938
1153;35;1163;55
638;625;662;620
1858;1355;1870;1375
956;1370;978;1381
500;856;520;851
294;1877;320;1858
535;1172;558;1183
1828;1420;1848;1440
1237;1650;1270;1648
1492;1355;1523;1380
295;1523;316;1502
1491;1795;1500;1765
1656;1921;1660;1893
555;229;559;208
1817;1481;1843;1485
679;1694;698;1674
450;1730;470;1702
770;194;793;197
901;1589;926;1574
165;1657;190;1635
270;994;296;985
1203;1547;1231;1557
1383;1089;1395;1061
1725;1768;1733;1791
787;912;798;889
223;783;248;803
733;1792;755;1772
1347;304;1356;284
1657;976;1679;990
1449;1783;1453;1803
291;1730;312;1713
669;1543;693;1534
599;1271;620;1251
1604;1463;1630;1486
1167;449;1188;428
124;1793;148;1770
310;1554;331;1548
1618;357;1639;342
1460;1542;1469;1519
671;34;685;55
1279;1925;1285;1900
423;951;446;937
1902;657;1922;661
1388;1113;1393;1080
109;1823;116;1802
655;358;677;376
691;1547;707;1526
495;223;521;246
249;90;266;112
740;1652;756;1631
444;359;469;356
1901;1253;1923;1266
253;743;277;732
1076;1778;1085;1750
961;319;974;341
572;908;594;901
638;627;665;640
1498;1692;1505;1671
353;243;354;263
1658;368;1670;338
241;1629;261;1615
79;373;100;390
784;1742;787;1767
1157;1704;1168;1680
1689;1886;1698;1907
1669;1292;1680;1313
1229;1856;1240;1833
811;578;831;590
511;1672;537;1670
1295;554;1303;575
1133;439;1154;436
170;1027;190;1016
991;637;1013;638
1599;472;1624;444
500;437;522;444
497;1809;521;1795
148;1229;152;1262
421;198;424;174
1980;24;1998;2
1900;853;1928;858
525;639;547;649
901;130;916;159
1079;330;1084;352
1229;900;1249;875
270;775;271;753
445;735;450;713
543;747;553;725
1254;249;1274;243
1520;466;1526;446
117;1500;137;1484
938;155;946;132
798;977;820;968
1145;1384;1167;1401
582;314;615;326
587;308;625;323
292;693;301;714
443;99;478;130
1322;1115;1340;1093
335;24;359;44
190;261;193;287
15;405;41;417
1911;48;1932;27
528;1588;550;1568
867;95;888;96
1311;802;1319;827
871;1186;902;1157
1835;640;1859;628
778;158;793;179
1556;91;1576;68
1636;1594;1641;1617
1737;43;1761;41
1481;1315;1486;1294
1642;546;1661;522
1906;538;1946;535
344;682;365;680
427;1884;431;1905
1868;1560;1879;1583
1014;641;1035;631
1024;863;1061;887
351;1113;371;1102
507;765;536;741
192;630;201;653
1424;313;1440;287
738;397;766;420
468;1286;491;1301
1656;1528;1680;1524
241;42;244;22
1817;1389;1822;1412
1633;1549;1636;1520
66;359;90;363
604;1419;624;1400
1389;653;1392;633
1731;387;1752;369
1740;1286;1769;1313
936;1688;971;1699
6;998;29;988
721;1415;735;1394
899;1805;919;1804
1494;1489;1524;1535
1319;1714;1344;1732
883;21;892;1
1252;993;1272;999
184;610;205;612
119;887;141;902
1935;904;1937;881
1357;884;1379;862
146;105;181;118
307;1507;329;1482
1518;371;1552;351
709;533;730;554
1155;219;1159;250
803;805;825;806
881;1232;898;1202
1923;1418;1950;1437
401;1807;441;1788
107;780;111;802
606;492;628;506
1030;518;1056;512
469;1761;491;1723
339;1369;355;1339
1601;1946;1604;1966
910;582;927;604
1591;1672;1596;1650
151;263;162;288
888;316;908;303
1017;683;1044;669
1864;934;1893;916
1705;837;1728;833
625;1287;653;1258
1370;615;1370;595
563;1837;572;1815
587;916;631;934
733;1661;756;1646
249;1971;271;1955
531;1126;555;1114
379;889;399;879
1500;1102;1523;1117
608;2;637;2
1754;1938;1765;1972
776;1501;799;1472
1753;1662;1764;1688
1322;1193;1347;1219
1135;240;1147;220
1562;1427;1567;1405
1762;819;1765;795
813;1735;835;1735
1112;1710;1139;1748
759;620;781;617
1336;1429;1342;1449
561;972;574;951
611;81;638;101
33;1911;58;1886
363;707;379;729
669;1381;670;1358
757;480;783;473
304;1930;327;1908
1991;786;1991;759
1449;971;1469;979
366;126;377;152
1314;88;1336;66
450;502;461;522
1813;1602;1817;1624
741;1755;751;1786
875;364;898;387
1620;404;1626;436
1028;730;1048;742
1822;954;1827;990
461;350;465;329
1445;533;1451;554
1775;829;1778;809
98;395;111;427
430;1226;438;1200
1562;1727;1585;1744
380;1996;399;1966
1569;1936;1571;1960
1558;743;1584;721
1142;830;1162;832
903;1432;928;1450
238;1625;247;1598
1713;363;1731;341
1513;1091;1518;1065
1890;579;1909;559
1893;140;1911;117
1535;229;1540;249
1267;95;1278;72
556;291;577;291
1778;73;1780;95
1853;58;1873;37
111;1682;132;1666
311;1872;328;1850
475;87;493;108
165;1660;186;1640
1837;364;1865;338
72;1150;100;1135
1774;818;1776;796
376;1198;396;1159
110;886;139;903
404;1359;429;1334
1068;900;1089;865
1757;1539;1784;1562
1076;768;1096;752
1764;1642;1785;1650
718;276;741;302
180;1462;208;1440
763;1415;786;1394
1361;1156;1385;1154
1781;1115;1803;1123
1920;754;1920;734
1945;985;1967;977
692;1237;714;1237
458;1000;482;983
1210;1602;1233;1601
40;1455;41;1433
2;1541;23;1541
395;1492;418;1469
1915;586;1936;583
545;1854;573;1856
1380;306;1385;335
739;685;768;697
1320;514;1338;482
1494;995;1503;1015
1292;785;1324;753
1764;1558;1784;1573
1922;831;1923;809
1214;238;1225;212
1778;825;1781;804
790;960;803;939
80;130;88;157
1151;238;1177;223
1323;1598;1347;1599
1562;1841;1586;1841
1263;784;1290;761
327;770;347;771
1881;907;1902;893
1223;517;1250;485
339;461;363;475
261;340;283;346
1742;448;1762;432
1405;1428;1415;1404
1539;1581;1561;1600
49;1291;75;1292
1198;1491;1218;1501
1937;520;1939;497
1330;1490;1335;1466
816;1283;852;1256
524;236;528;216
1255;333;1266;308
161;865;183;878
948;1395;955;1372
787;153;809;154
646;780;666;777
296;415;316;423
1183;1552;1203;1551
117;169;141;190
1681;1629;1705;1653
361;885;375;909
595;1551;627;1527
173;762;195;783
435;1312;459;1302
259;726;261;747
106;846;127;861
1880;953;1883;931
27;1453;36;1427
435;633;457;647
228;1662;245;1642
1449;506;1472;485
1001;195;1021;227
1907;665;1928;666
881;408;904;413
1301;1455;1317;1424
307;193;329;193
417;1270;441;1249
329;1897;351;1877
1166;166;1175;137
1413;1378;1432;1407
636;1154;655;1131
1182;373;1185;394
1698;825;1729;830
718;1564;733;1544
1861;671;1892;682
1940;378;1960;355
1925;814;1945;820
1917;1334;1938;1351
286;874;307;865
713;1002;734;982
498;1265;521;1240
1292;1713;1294;1691
1228;672;1259;692
870;810;891;797
1070;1789;1088;1809
1789;956;1791;976
700;991;702;1012
1539;990;1551;1010
1814;100;1839;62
1310;687;1333;667
1309;1788;1329;1789
1372;603;1393;583
940;1628;952;1651
509;1043;520;1022
1870;551;1871;572
1447;1264;1450;1244
897;1717;921;1693
1480;310;1504;281
540;696;574;717
426;313;448;315
647;1001;668;1017
253;1689;273;1674
1013;734;1035;756
1710;1746;1729;1767
320;337;344;357
1782;1354;1802;1347
638;1159;655;1179
16;1817;37;1798
1101;498;1121;518
1121;58;1133;38
1643;234;1663;225
1245;36;1263;16
85;1881;105;1875
1136;113;1149;136
1542;1113;1563;1129
124;110;148;132
1967;574;1998;583
564;1254;599;1227
752;574;773;571
1907;948;1916;974
671;152;691;167
1181;635;1197;609
883;1201;907;1178
1621;1012;1629;1032
1338;813;1355;793
117;170;141;175
837;1136;848;1115
548;1870;569;1850
388;235;409;243
883;1556;901;1578
1597;63;1613;39
331;1182;351;1186
1747;1051;1753;1022
663;951;685;939
1498;1253;1508;1274
1361;1587;1363;1559
715;802;736;793
627;170;649;165
1965;1133;1989;1127
1294;583;1314;584
1593;49;1615;49
1924;311;1955;292
1128;866;1150;880
1643;1698;1656;1718
1254;771;1274;774
1762;451;1780;418
397;1560;409;1537
22;1698;40;1677
665;1335;687;1314
1172;904;1191;882
1223;1735;1233;1713
1211;611;1235;616
1385;784;1406;767
1701;772;1732;777
39;939;62;928
1419;399;1443;378
978;345;991;317
1247;135;1272;112
1832;1394;1852;1407
1867;1012;1872;1034
1313;908;1336;931
1139;1763;1165;1764
1206;1613;1237;1613
304;303;324;323
43;883;69;879
1023;291;1045;290
1177;1675;1196;1697
765;1355;786;1334
1043;793;1064;776
511;1174;532;1202
396;1776;416;1772
529;716;550;737
1470;1634;1470;1604
1601;792;1623;797
1730;484;1750;470
1614;803;1621;824
211;41;219;62
1912;1444;1935;1466
1797;93;1797;68
924;355;940;332
88;725;98;745
469;1064;480;1039
969;1424;993;1417
1212;1797;1214;1776
595;778;624;799
431;1326;455;1301
552;1307;572;1314
1655;12;1675;4
1908;664;1911;641
340;914;373;945
808;382;832;384
1397;161;1412;137
1388;250;1410;228
530;1169;544;1191
668;238;699;235
1761;1571;1791;1603
1803;642;1805;619
87;278;111;286
548;1232;565;1205
65;1446;85;1446
873;1147;894;1130
1730;314;1757;292
315;1971;316;1948
1104;492;1126;488
100;480;124;474
266;39;266;19
230;1683;245;1662
937;1649;978;1690
404;753;426;756
601;207;607;185
886;1569;911;1546
1374;838;1397;813
746;464;772;465
538;1662;562;1639
1482;1652;1504;1675
518;572;520;547
42;910;62;908
286;1179;308;1163
693;678;705;654
671;93;691;122
1221;1592;1242;1593
1240;1730;1244;1703
571;1681;591;1663
378;1412;406;1394
111;615;132;609
276;906;282;926
948;759;971;780
1617;142;1620;122
1741;363;1761;344
649;111;671;133
541;691;561;676
1944;1226;1966;1235
50;959;81;974
223;1650;241;1630
1548;826;1572;836
1123;401;1147;388
1721;693;1746;695
1063;745;1087;771
1874;575;1880;547
1267;957;1288;979
1531;1501;1552;1506
1350;1384;1370;1402
1670;569;1670;547
1673;1027;1674;1005
1308;1751;1310;1729
1502;350;1523;328
1733;649;1754;628
1659;29;1675;9
48;1734;81;1704
485;1199;505;1213
547;346;568;369
446;938;449;966
691;1381;717;1360
1505;263;1526;243
1622;1560;1628;1581
744;1417;756;1397
240;738;264;728
1811;1534;1834;1529
926;1466;934;1489
1606;1316;1627;1308
1168;1867;1184;1892
722;1540;747;1515
719;1488;754;1454
1114;1661;1118;1631
27;764;52;760
1886;1878;1906;1882
644;209;659;231
396;1528;408;1507
1233;1696;1258;1689
1853;758;1894;750
209;1783;229;1763
550;1388;575;1363
501;98;524;120
560;419;580;439
722;1373;745;1350
17;762;39;754
901;625;918;647
219;1048;240;1037
63;1274;84;1270
1086;644;1113;647
766;1142;788;1113
1056;278;1068;256
1408;1136;1420;1160
284;1014;288;993
1588;1090;1609;1105
1150;287;1165;315
753;677;774;697
272;497;296;495
66;1954;87;1935
836;7;855;40
1924;238;1944;218
332;1689;356;1666
606;1748;626;1745
121;862;148;881
1548;1109;1560;1076
1189;58;1196;36
839;46;851;66
1784;1476;1793;1499
478;1034;502;1050
1105;1566;1126;1571
1606;1243;1629;1257
1222;115;1232;136
1539;859;1555;830
340;1016;361;1004
351;319;374;329
854;1000;874;982
756;213;773;233
384;99;405;98
1047;2;1059;25
369;724;382;749
1664;1268;1666;1247
819;152;824;130
394;1384;414;1368
758;1852;788;1847
1598;635;1620;622
343;222;362;243
1473;1686;1500;1713
393;151;399;171
1302;1446;1314;1426
614;1905;631;1882
77;1745;88;1725
1797;1740;1817;1760
666;897;686;884
360;1651;382;1631
1550;1708;1583;1741
101;240;121;255
1665;1044;1677;1065
93;88;113;108
1776;1862;1777;1882
708;657;729;652
15;1311;54;1280
1825;88;1849;58
833;9;853;9
1621;373;1641;358
269;1674;294;1655
1209;1474;1217;1453
1484;460;1510;452
1567;734;1576;754
2;1485;24;1483
982;1733;1010;1728
532;289;558;299
657;1342;666;1322
1666;102;1685;80
1592;1081;1616;1061
593;1273;621;1247
745;110;765;112
12;1746;34;1729
1462;219;1464;198
597;1328;613;1305
505;1789;525;1777
1398;703;1423;678
818;441;838;461
320;892;333;922
1521;1626;1527;1606
20;423;43;446
481;1429;522;1387
15;695;44;692
1747;37;1763;17
596;1754;622;1728
1845;472;1865;471
345;1236;371;1217
1305;1131;1328;1105
371;1890;396;1888
1241;1912;1255;1932
206;797;230;795
1025;791;1051;806
492;1340;517;1315
1237;4;1260;4
1329;1944;1334;1914
536;742;557;729
1477;460;1497;453
741;1482;763;1461
36;1719;56;1707
1011;17;1019;37
1348;1891;1368;1916
806;1354;827;1333
136;1133;156;1121
546;1;609;1
5;1511;5;1489
1590;710;1617;683
1619;1238;1639;1258
522;699;548;715
1458;1218;1472;1244
1531;1307;1553;1326
199;481;224;495
84;1364;106;1348
1472;1110;1494;1135
50;1904;71;1883
1641;966;1664;989
1412;559;1435;541
886;1308;904;1288
168;1259;194;1243
1694;1711;1715;1713
326;985;335;959
943;1865;963;1864
1600;1389;1621;1402
1106;1861;1119;1883
242;1131;263;1141
1365;1451;1373;1430
166;695;186;691
1414;1355;1422;1331
1971;1119;1991;1128
1782;1545;1796;1568
117;12;138;33
855;1744;882;1729
1377;1474;1389;1445
1620;731;1640;715
1150;0;1161;20
1185;718;1216;689
1118;1658;1130;1637
697;1790;710;1770
452;1382;478;1364
760;1160;788;1129
1597;1882;1617;1882
393;786;405;806
453;737;460;709
180;1172;203;1158
786;1081;795;1061
403;140;423;156
339;715;365;745
1654;1206;1674;1198
608;102;611;79
1152;305;1164;285
459;1315;479;1295
460;106;477;127
1751;358;1771;338
481;206;501;219
1088;1727;1101;1706
643;25;648;1
666;497;688;490
681;266;701;286
1069;1631;1091;1653
340;1004;345;979
678;1572;698;1550
950;1722;961;1742
1692;1896;1718;1906
777;538;798;548
1043;339;1068;312
442;396;463;405
327;69;347;93
464;1880;501;1877
694;1388;714;1372
705;530;728;553
413;1531;433;1504
1629;1273;1656;1302
1058;607;1080;614
377;1686;398;1678
307;1313;326;1293
572;1835;594;1834
1302;449;1321;423
1195;1538;1208;1517
799;1696;819;1701
1810;1578;1830;1594
803;315;829;336
1810;1422;1830;1417
907;1515;927;1499
462;1270;492;1245
1449;858;1478;829
949;1491;976;1489
932;1377;952;1388
1132;939;1157;914
1113;675;1121;654
932;1501;955;1530
813;413;832;439
859;950;884;922
828;1719;853;1701
153;1393;178;1396
1280;668;1305;645
60;1193;82;1178
217;206;241;227
27;425;48;425
955;1706;978;1702
110;70;122;96
795;934;824;907
1780;1535;1798;1556
1694;1716;1715;1737
307;1897;328;1884
678;300;696;327
1215;791;1238;769
293;711;303;741
968;311;989;310
1275;384;1289;364
1033;750;1051;730
1834;159;1859;134
798;1204;821;1182
550;628;570;637
1897;180;1918;180
1783;1701;1808;1727
1970;1626;1994;1647
2;797;30;786
1339;1806;1366;1842
1603;433;1624;434
54;1992;72;1969
677;592;698;601
1163;571;1181;550
1420;336;1437;312
1423;1356;1442;1376
270;1873;286;1853
377;465;402;476
246;1375;254;1354
170;1627;190;1627
1622;1346;1642;1359
1751;708;1779;711
1389;373;1409;364
975;591;996;612
1794;1723;1795;1701
1333;927;1355;928
1734;1328;1757;1320
557;1833;566;1813
1282;1230;1289;1263
199;1199;221;1181
28;670;51;666
1820;1840;1836;1860
528;1338;540;1318
390;285;412;296
1155;789;1187;808
338;1369;342;1348
1974;1565;1974;1545
647;1358;668;1337
163;652;183;677
240;1445;245;1424
333;1936;355;1933
1868;50;1883;27
1018;318;1031;339
1278;1850;1286;1830
648;5;663;28
1201;1814;1216;1839
81;215;106;237
770;380;790;400
484;1400;506;1381
1942;120;1955;96
792;1048;816;1021
1130;836;1151;839
945;1484;969;1460
340;1915;342;1895
512;296;535;312
76;1639;96;1621
590;86;608;107
413;987;439;966
987;861;1008;840
1506;690;1529;671
1065;1736;1087;1742
299;280;310;302
1091;666;1113;648
807;191;825;217
1710;737;1738;712
341;943;364;942
1885;1642;1909;1643
222;1975;247;1950
207;918;228;908
622;385;643;408
1023;723;1040;703
583;545;603;551
179;816;200;810
114;285;134;296
377;1623;399;1604
998;708;1013;729
314;202;335;222
1302;1428;1311;1402
614;992;636;1021
761;506;773;484
1676;257;1680;281
1566;1068;1593;1077
1084;808;1114;779
695;680;715;692
288;393;308;403
591;993;601;970
1908;521;1930;504
15;1940;35;1920
640;1666;661;1655
293;1285;317;1273
1359;1855;1385;1861
52;775;75;776
821;731;845;755
653;1022;674;1050
1498;524;1517;504
1780;1206;1803;1219
510;1385;532;1367
997;1595;1024;1580
477;750;502;774
1843;1143;1843;1166
420;232;442;237
1537;749;1560;752
842;977;865;1000
307;504;334;514
1917;557;1931;537
684;218;706;240
669;1022;690;1001
1873;137;1899;113
1936;805;1938;779
337;10;359;31
1539;1267;1557;1299
1709;1269;1714;1244
109;357;129;358
1529;261;1555;235
547;1369;550;1349
139;834;159;830
1471;153;1500;124
699;948;721;933
301;1164;308;1142
955;1555;971;1578
1489;1500;1510;1521
800;1816;822;1809
337;213;369;235
1182;755;1203;733
376;161;381;137
1763;458;1785;436
1609;1229;1638;1258
641;1780;667;1776
1831;237;1851;217
689;878;711;865
567;1392;599;1360
438;333;460;347
623;1632;650;1623
924;146;928;125
1805;1357;1815;1378
1711;380;1738;382
1905;1206;1927;1228
378;1611;402;1587
818;1069;839;1090
948;1577;968;1577
1920;337;1943;314
1908;1142;1908;1164
1854;1602;1854;1623
1254;898;1308;952
1573;60;1590;40
752;303;760;279
1215;121;1223;141
723;1170;748;1145
1299;446;1326;433
1492;1684;1513;1688
780;775;796;751
957;291;977;287
1447;640;1467;620
1818;750;1842;747
181;1139;183;1163
445;1258;465;1241
1384;56;1398;35
647;1068;667;1089
1252;611;1272;591
1746;970;1751;993
1817;921;1837;941
1648;741;1663;718
601;1559;621;1539
908;1509;928;1518
645;1416;667;1394
547;333;551;312
1494;1563;1501;1533
1125;1374;1146;1365
1258;1069;1276;1091
1275;26;1283;50
85;1290;107;1277
1754;54;1769;33
1015;714;1033;693
267;944;293;937
967;1549;987;1537
42;950;68;942
1719;234;1742;212
1276;458;1292;436
475;1472;493;1452
164;851;168;871
1313;811;1333;794
507;1276;529;1260
1878;1445;1903;1445
1740;1926;1769;1955
1582;1464;1586;1484
704;591;724;607
294;324;319;344
1473;539;1492;519
528;488;551;501
1487;1342;1509;1356
888;272;902;294
1131;1685;1141;1664
1029;1649;1050;1642
1157;1485;1168;1461
1087;481;1098;501
349;1167;362;1143
1428;270;1451;243
1890;229;1914;212
1664;48;1670;21
1218;347;1238;319
1046;294;1058;314
460;1085;483;1097
1261;871;1281;891
1259;62;1260;84
1726;124;1744;103
1826;815;1846;805
713;1572;735;1550
1469;367;1489;348
309;423;317;443
69;42;86;64
1726;1812;1746;1811
1580;1006;1600;1015
1749;1354;1773;1376
910;1350;927;1328
1277;1397;1307;1392
329;659;354;650
337;483;360;503
184;606;205;606
1504;969;1517;941
418;1291;442;1267
1221;1891;1224;1871
1531;1203;1556;1193
996;1894;1009;1871
251;1249;272;1236
1378;1491;1398;1512
533;1650;558;1640
890;864;912;843
1690;764;1711;765
794;1524;808;1546
95;1860;112;1840
1538;1037;1562;1048
144;1736;156;1710
1430;637;1452;615
252;1518;272;1506
1358;1617;1368;1595
1568;1823;1594;1849
509;1809;525;1782
632;1285;652;1269
1560;1470;1580;1494
281;1;301;18
709;1385;729;1365
731;1704;752;1690
1230;396;1254;372
1377;39;1403;17
801;1208;829;1176
71;1444;96;1425
496;159;513;181
1714;640;1737;617
1316;25;1324;50
281;1965;303;1939
942;107;960;74
115;676;138;695
84;295;109;325
66;1782;90;1758
561;798;575;818
1893;1168;1919;1194
1068;854;1088;834
225;212;245;229
1819;1408;1840;1429
1310;668;1325;648
672;757;694;777
772;1076;789;1054
609;602;632;598
579;259;584;236
1059;133;1081;163
773;1349;796;1326
777;1427;797;1407
101;971;121;962
746;1471;771;1451
1584;682;1604;662
438;1118;465;1132
242;1605;266;1582
885;268;909;244
1892;1368;1913;1384
1432;1024;1442;1044
1548;1163;1567;1184
1632;1738;1636;1715
57;120;77;127
286;182;308;205
1778;1538;1797;1558
462;1390;483;1367
722;979;742;962
733;1530;758;1506
1839;496;1851;476
598;801;610;823
571;967;593;945
356;282;378;296
483;968;500;991
1381;1268;1384;1289
820;1571;839;1549
638;278;654;298
1118;243;1139;231
505;1010;514;1031
1642;1491;1669;1518
1760;996;1781;1009
501;1810;504;1840
729;541;752;555
1165;1758;1185;1778
187;754;208;761
1766;816;1770;792
1611;1541;1634;1564
1417;387;1439;366
1819;911;1820;887
587;1344;608;1323
512;469;537;483
1796;958;1816;949
1339;1834;1355;1854
202;1608;223;1590
893;1785;915;1779
1766;1458;1775;1483
1050;32;1060;11
814;1773;827;1753
687;754;707;774
933;806;958;781
484;302;504;322
718;960;731;939
18;1855;40;1833
616;1014;637;1035
1282;781;1305;758
1867;154;1895;130
1389;66;1418;38
84;248;104;265
240;942;261;930
22;747;43;744
1699;895;1701;875
262;129;284;142
425;1270;450;1245
1679;415;1700;396
1127;199;1155;199
1002;259;1011;285
1973;381;1998;356
15;1046;38;1034
1617;453;1639;431
1265;721;1290;696
734;426;757;441
1646;732;1646;712
1616;1257;1630;1278
15;1044;36;1033
1598;156;1620;134
547;215;554;194
600;1088;621;1062
1492;1604;1513;1605
562;1006;586;991
1681;1536;1702;1557
1704;810;1726;788
557;1460;576;1440
1887;558;1907;558
794;23;795;43
646;1241;667;1220
643;600;664;621
1063;842;1083;826
917;749;936;728
1559;558;1580;537
1442;231;1461;209
336;911;340;933
1565;1644;1568;1624
1656;1198;1678;1215
32;765;59;783
170;1077;190;1067
603;1495;628;1470
799;1305;820;1284
1998;947;1998;900
166;472;186;470
1652;1086;1673;1096
1652;978;1679;991
1643;41;1661;18
39;1332;59;1322
618;462;638;482
1681;566;1691;546
407;1463;432;1438
104;965;126;959
1896;46;1916;27
1561;1474;1579;1494
678;1069;693;1044
1565;1914;1588;1932
1971;1789;1991;1809
1122;478;1142;458
216;425;236;433
682;439;705;460
1343;414;1363;392
129;829;149;842
1496;599;1518;577
1968;1512;1989;1527
978;214;998;234
211;1113;235;1103
688;713;708;728
621;49;641;69
499;85;522;108
1014;67;1026;89
409;1314;429;1294
775;1428;802;1401
181;1942;201;1922
735;717;758;740
568;105;587;126
1870;280;1893;254
1227;308;1244;284
1015;1859;1027;1885
1362;1042;1382;1061
428;278;448;298
1242;1976;1247;1954
1949;1029;1969;1040
1933;702;1955;688
152;1104;178;1091
731;353;751;359
1777;158;1797;138
515;555;535;575
1129;1;1134;24
179;1055;199;1064
1840;266;1850;246
513;223;531;243
941;601;961;621
286;1340;306;1320
1050;1738;1063;1759
283;1463;306;1447
339;187;362;210
652;1555;685;1522
173;24;195;46
1590;1704;1610;1724
555;1215;566;1195
1518;1377;1540;1399
749;1772;794;1727
33;307;53;316
673;769;696;746
484;1206;504;1191
133;1015;160;1007
1779;1674;1799;1694
1438;101;1449;81
705;219;726;240
1516;763;1522;784
1084;191;1097;171
1463;369;1484;348
536;1398;558;1376
2;981;2;953
1998;1131;1998;1093
1736;1467;1766;1497
464;1431;485;1405
1728;450;1752;436
549;1304;569;1284
564;1824;597;1791
477;1290;505;1262
152;1063;172;1073
1313;1089;1338;1114
1494;470;1515;452
744;1491;765;1472
542;1633;552;1608
1244;1355;1264;1347
416;1234;440;1210
1834;1664;1856;1686
1058;869;1079;848
1041;46;1052;23
355;146;378;169
492;1494;515;1471
709;1516;729;1499
1567;1935;1569;1911
652;258;676;282
1933;818;1955;826
1998;1238;1998;1209
334;19;355;40
256;16;276;35
508;700;512;679
536;1551;556;1531
1323;1427;1345;1449
2;1022;2;990
1678;1627;1701;1657
1595;187;1614;167
1466;2;1491;2
561;1277;582;1254
1998;1663;1998;1629
1599;476;1620;455
92;1940;109;1920
495;1066;516;1053
1713;519;1738;494
2;933;2;912
251;1985;270;1960
1998;868;1998;846
1144;2;1166;2
512;1287;532;1268
1881;269;1903;247
290;1377;310;1357
1287;2;1326;2
625;1422;645;1402
1553;234;1572;214
1546;439;1571;414
1304;1197;1324;1217
2;1528;2;1507
1526;1336;1547;1354
358;1008;378;1020
751;97;767;121
913;751;933;731
